Code/data_set/JLU-2.0/1/1.bmp,eye_image
Code/data_set/JLU-2.0/1/10.bmp,eye_image
Code/data_set/JLU-2.0/1/11.bmp,eye_image
Code/data_set/JLU-2.0/1/12.bmp,eye_image
Code/data_set/JLU-2.0/1/13.bmp,eye_image
Code/data_set/JLU-2.0/1/14.bmp,eye_image
Code/data_set/JLU-2.0/1/15.bmp,eye_image
Code/data_set/JLU-2.0/1/2.bmp,eye_image
Code/data_set/JLU-2.0/1/3.bmp,eye_image
Code/data_set/JLU-2.0/1/4.bmp,eye_image
Code/data_set/JLU-2.0/1/5.bmp,eye_image
Code/data_set/JLU-2.0/1/6.bmp,eye_image
Code/data_set/JLU-2.0/1/7.bmp,eye_image
Code/data_set/JLU-2.0/1/8.bmp,eye_image
Code/data_set/JLU-2.0/1/9.bmp,eye_image
Code/data_set/JLU-2.0/10/1.bmp,eye_image
Code/data_set/JLU-2.0/10/10.bmp,eye_image
Code/data_set/JLU-2.0/10/11.bmp,eye_image
Code/data_set/JLU-2.0/10/12.bmp,eye_image
Code/data_set/JLU-2.0/10/13.bmp,eye_image
Code/data_set/JLU-2.0/10/14.bmp,eye_image
Code/data_set/JLU-2.0/10/15.bmp,eye_image
Code/data_set/JLU-2.0/10/2.bmp,eye_image
Code/data_set/JLU-2.0/10/3.bmp,eye_image
Code/data_set/JLU-2.0/10/4.bmp,eye_image
Code/data_set/JLU-2.0/10/5.bmp,eye_image
Code/data_set/JLU-2.0/10/6.bmp,eye_image
Code/data_set/JLU-2.0/10/7.bmp,eye_image
Code/data_set/JLU-2.0/10/8.bmp,eye_image
Code/data_set/JLU-2.0/10/9.bmp,eye_image
Code/data_set/JLU-2.0/11/1.bmp,eye_image
Code/data_set/JLU-2.0/11/10.bmp,eye_image
Code/data_set/JLU-2.0/11/11.bmp,eye_image
Code/data_set/JLU-2.0/11/12.bmp,eye_image
Code/data_set/JLU-2.0/11/13.bmp,eye_image
Code/data_set/JLU-2.0/11/14.bmp,eye_image
Code/data_set/JLU-2.0/11/15.bmp,eye_image
Code/data_set/JLU-2.0/11/2.bmp,eye_image
Code/data_set/JLU-2.0/11/3.bmp,eye_image
Code/data_set/JLU-2.0/11/4.bmp,eye_image
Code/data_set/JLU-2.0/11/5.bmp,eye_image
Code/data_set/JLU-2.0/11/6.bmp,eye_image
Code/data_set/JLU-2.0/11/7.bmp,eye_image
Code/data_set/JLU-2.0/11/8.bmp,eye_image
Code/data_set/JLU-2.0/11/9.bmp,eye_image
Code/data_set/JLU-2.0/12/1.bmp,eye_image
Code/data_set/JLU-2.0/12/10.bmp,eye_image
Code/data_set/JLU-2.0/12/11.bmp,eye_image
Code/data_set/JLU-2.0/12/12.bmp,eye_image
Code/data_set/JLU-2.0/12/13.bmp,eye_image
Code/data_set/JLU-2.0/12/14.bmp,eye_image
Code/data_set/JLU-2.0/12/15.bmp,eye_image
Code/data_set/JLU-2.0/12/2.bmp,eye_image
Code/data_set/JLU-2.0/12/3.bmp,eye_image
Code/data_set/JLU-2.0/12/4.bmp,eye_image
Code/data_set/JLU-2.0/12/5.bmp,eye_image
Code/data_set/JLU-2.0/12/6.bmp,eye_image
Code/data_set/JLU-2.0/12/7.bmp,eye_image
Code/data_set/JLU-2.0/12/8.bmp,eye_image
Code/data_set/JLU-2.0/12/9.bmp,eye_image
Code/data_set/JLU-2.0/13/1.bmp,eye_image
Code/data_set/JLU-2.0/13/10.bmp,eye_image
Code/data_set/JLU-2.0/13/11.bmp,eye_image
Code/data_set/JLU-2.0/13/12.bmp,eye_image
Code/data_set/JLU-2.0/13/13.bmp,eye_image
Code/data_set/JLU-2.0/13/14.bmp,eye_image
Code/data_set/JLU-2.0/13/15.bmp,eye_image
Code/data_set/JLU-2.0/13/2.bmp,eye_image
Code/data_set/JLU-2.0/13/3.bmp,eye_image
Code/data_set/JLU-2.0/13/4.bmp,eye_image
Code/data_set/JLU-2.0/13/5.bmp,eye_image
Code/data_set/JLU-2.0/13/6.bmp,eye_image
Code/data_set/JLU-2.0/13/7.bmp,eye_image
Code/data_set/JLU-2.0/13/8.bmp,eye_image
Code/data_set/JLU-2.0/13/9.bmp,eye_image
Code/data_set/JLU-2.0/14/1.bmp,eye_image
Code/data_set/JLU-2.0/14/10.bmp,eye_image
Code/data_set/JLU-2.0/14/11.bmp,eye_image
Code/data_set/JLU-2.0/14/12.bmp,eye_image
Code/data_set/JLU-2.0/14/13.bmp,eye_image
Code/data_set/JLU-2.0/14/14.bmp,eye_image
Code/data_set/JLU-2.0/14/2.bmp,eye_image
Code/data_set/JLU-2.0/14/3.bmp,eye_image
Code/data_set/JLU-2.0/14/4.bmp,eye_image
Code/data_set/JLU-2.0/14/5.bmp,eye_image
Code/data_set/JLU-2.0/14/6.bmp,eye_image
Code/data_set/JLU-2.0/14/7.bmp,eye_image
Code/data_set/JLU-2.0/14/8.bmp,eye_image
Code/data_set/JLU-2.0/14/9.bmp,eye_image
Code/data_set/JLU-2.0/15/1.bmp,eye_image
Code/data_set/JLU-2.0/15/10.bmp,eye_image
Code/data_set/JLU-2.0/15/11.bmp,eye_image
Code/data_set/JLU-2.0/15/12.bmp,eye_image
Code/data_set/JLU-2.0/15/13.bmp,eye_image
Code/data_set/JLU-2.0/15/14.bmp,eye_image
Code/data_set/JLU-2.0/15/15.bmp,eye_image
Code/data_set/JLU-2.0/15/2.bmp,eye_image
Code/data_set/JLU-2.0/15/3.bmp,eye_image
Code/data_set/JLU-2.0/15/4.bmp,eye_image
Code/data_set/JLU-2.0/15/5.bmp,eye_image
Code/data_set/JLU-2.0/15/6.bmp,eye_image
Code/data_set/JLU-2.0/15/7.bmp,eye_image
Code/data_set/JLU-2.0/15/8.bmp,eye_image
Code/data_set/JLU-2.0/15/9.bmp,eye_image
Code/data_set/JLU-2.0/16/1.bmp,eye_image
Code/data_set/JLU-2.0/16/10.bmp,eye_image
Code/data_set/JLU-2.0/16/11.bmp,eye_image
Code/data_set/JLU-2.0/16/12.bmp,eye_image
Code/data_set/JLU-2.0/16/13.bmp,eye_image
Code/data_set/JLU-2.0/16/14.bmp,eye_image
Code/data_set/JLU-2.0/16/15.bmp,eye_image
Code/data_set/JLU-2.0/16/2.bmp,eye_image
Code/data_set/JLU-2.0/16/3.bmp,eye_image
Code/data_set/JLU-2.0/16/4.bmp,eye_image
Code/data_set/JLU-2.0/16/5.bmp,eye_image
Code/data_set/JLU-2.0/16/6.bmp,eye_image
Code/data_set/JLU-2.0/16/7.bmp,eye_image
Code/data_set/JLU-2.0/16/8.bmp,eye_image
Code/data_set/JLU-2.0/16/9.bmp,eye_image
Code/data_set/JLU-2.0/17/1.bmp,eye_image
Code/data_set/JLU-2.0/17/10.bmp,eye_image
Code/data_set/JLU-2.0/17/11.bmp,eye_image
Code/data_set/JLU-2.0/17/12.bmp,eye_image
Code/data_set/JLU-2.0/17/13.bmp,eye_image
Code/data_set/JLU-2.0/17/14.bmp,eye_image
Code/data_set/JLU-2.0/17/15.bmp,eye_image
Code/data_set/JLU-2.0/17/2.bmp,eye_image
Code/data_set/JLU-2.0/17/3.bmp,eye_image
Code/data_set/JLU-2.0/17/4.bmp,eye_image
Code/data_set/JLU-2.0/17/5.bmp,eye_image
Code/data_set/JLU-2.0/17/6.bmp,eye_image
Code/data_set/JLU-2.0/17/7.bmp,eye_image
Code/data_set/JLU-2.0/17/8.bmp,eye_image
Code/data_set/JLU-2.0/17/9.bmp,eye_image
Code/data_set/JLU-2.0/18/1.bmp,eye_image
Code/data_set/JLU-2.0/18/10.bmp,eye_image
Code/data_set/JLU-2.0/18/11.bmp,eye_image
Code/data_set/JLU-2.0/18/12.bmp,eye_image
Code/data_set/JLU-2.0/18/13.bmp,eye_image
Code/data_set/JLU-2.0/18/14.bmp,eye_image
Code/data_set/JLU-2.0/18/15.bmp,eye_image
Code/data_set/JLU-2.0/18/16.bmp,eye_image
Code/data_set/JLU-2.0/18/17.bmp,eye_image
Code/data_set/JLU-2.0/18/18.bmp,eye_image
Code/data_set/JLU-2.0/18/19.bmp,eye_image
Code/data_set/JLU-2.0/18/2.bmp,eye_image
Code/data_set/JLU-2.0/18/20.bmp,eye_image
Code/data_set/JLU-2.0/18/3.bmp,eye_image
Code/data_set/JLU-2.0/18/4.bmp,eye_image
Code/data_set/JLU-2.0/18/5.bmp,eye_image
Code/data_set/JLU-2.0/18/6.bmp,eye_image
Code/data_set/JLU-2.0/18/7.bmp,eye_image
Code/data_set/JLU-2.0/18/8.bmp,eye_image
Code/data_set/JLU-2.0/18/9.bmp,eye_image
Code/data_set/JLU-2.0/19/1.bmp,eye_image
Code/data_set/JLU-2.0/19/10.bmp,eye_image
Code/data_set/JLU-2.0/19/11.bmp,eye_image
Code/data_set/JLU-2.0/19/12.bmp,eye_image
Code/data_set/JLU-2.0/19/13.bmp,eye_image
Code/data_set/JLU-2.0/19/14.bmp,eye_image
Code/data_set/JLU-2.0/19/15.bmp,eye_image
Code/data_set/JLU-2.0/19/2.bmp,eye_image
Code/data_set/JLU-2.0/19/3.bmp,eye_image
Code/data_set/JLU-2.0/19/4.bmp,eye_image
Code/data_set/JLU-2.0/19/5.bmp,eye_image
Code/data_set/JLU-2.0/19/6.bmp,eye_image
Code/data_set/JLU-2.0/19/7.bmp,eye_image
Code/data_set/JLU-2.0/19/8.bmp,eye_image
Code/data_set/JLU-2.0/19/9.bmp,eye_image
Code/data_set/JLU-2.0/2/1.bmp,eye_image
Code/data_set/JLU-2.0/2/10.bmp,eye_image
Code/data_set/JLU-2.0/2/11.bmp,eye_image
Code/data_set/JLU-2.0/2/12.bmp,eye_image
Code/data_set/JLU-2.0/2/13.bmp,eye_image
Code/data_set/JLU-2.0/2/14.bmp,eye_image
Code/data_set/JLU-2.0/2/15.bmp,eye_image
Code/data_set/JLU-2.0/2/2.bmp,eye_image
Code/data_set/JLU-2.0/2/3.bmp,eye_image
Code/data_set/JLU-2.0/2/4.bmp,eye_image
Code/data_set/JLU-2.0/2/5.bmp,eye_image
Code/data_set/JLU-2.0/2/6.bmp,eye_image
Code/data_set/JLU-2.0/2/7.bmp,eye_image
Code/data_set/JLU-2.0/2/8.bmp,eye_image
Code/data_set/JLU-2.0/2/9.bmp,eye_image
Code/data_set/JLU-2.0/20/1.bmp,eye_image
Code/data_set/JLU-2.0/20/10.bmp,eye_image
Code/data_set/JLU-2.0/20/11.bmp,eye_image
Code/data_set/JLU-2.0/20/12.bmp,eye_image
Code/data_set/JLU-2.0/20/13.bmp,eye_image
Code/data_set/JLU-2.0/20/14.bmp,eye_image
Code/data_set/JLU-2.0/20/15.bmp,eye_image
Code/data_set/JLU-2.0/20/16.bmp,eye_image
Code/data_set/JLU-2.0/20/17.bmp,eye_image
Code/data_set/JLU-2.0/20/18.bmp,eye_image
Code/data_set/JLU-2.0/20/19.bmp,eye_image
Code/data_set/JLU-2.0/20/2.bmp,eye_image
Code/data_set/JLU-2.0/20/20.bmp,eye_image
Code/data_set/JLU-2.0/20/3.bmp,eye_image
Code/data_set/JLU-2.0/20/4.bmp,eye_image
Code/data_set/JLU-2.0/20/5.bmp,eye_image
Code/data_set/JLU-2.0/20/6.bmp,eye_image
Code/data_set/JLU-2.0/20/7.bmp,eye_image
Code/data_set/JLU-2.0/20/8.bmp,eye_image
Code/data_set/JLU-2.0/20/9.bmp,eye_image
Code/data_set/JLU-2.0/21/1.bmp,eye_image
Code/data_set/JLU-2.0/21/10.bmp,eye_image
Code/data_set/JLU-2.0/21/11.bmp,eye_image
Code/data_set/JLU-2.0/21/12.bmp,eye_image
Code/data_set/JLU-2.0/21/13.bmp,eye_image
Code/data_set/JLU-2.0/21/14.bmp,eye_image
Code/data_set/JLU-2.0/21/15.bmp,eye_image
Code/data_set/JLU-2.0/21/2.bmp,eye_image
Code/data_set/JLU-2.0/21/3.bmp,eye_image
Code/data_set/JLU-2.0/21/4.bmp,eye_image
Code/data_set/JLU-2.0/21/5.bmp,eye_image
Code/data_set/JLU-2.0/21/6.bmp,eye_image
Code/data_set/JLU-2.0/21/7.bmp,eye_image
Code/data_set/JLU-2.0/21/8.bmp,eye_image
Code/data_set/JLU-2.0/21/9.bmp,eye_image
Code/data_set/JLU-2.0/22/1.bmp,eye_image
Code/data_set/JLU-2.0/22/10.bmp,eye_image
Code/data_set/JLU-2.0/22/11.bmp,eye_image
Code/data_set/JLU-2.0/22/12.bmp,eye_image
Code/data_set/JLU-2.0/22/13.bmp,eye_image
Code/data_set/JLU-2.0/22/14.bmp,eye_image
Code/data_set/JLU-2.0/22/15.bmp,eye_image
Code/data_set/JLU-2.0/22/16.bmp,eye_image
Code/data_set/JLU-2.0/22/17.bmp,eye_image
Code/data_set/JLU-2.0/22/18.bmp,eye_image
Code/data_set/JLU-2.0/22/19.bmp,eye_image
Code/data_set/JLU-2.0/22/2.bmp,eye_image
Code/data_set/JLU-2.0/22/20.bmp,eye_image
Code/data_set/JLU-2.0/22/3.bmp,eye_image
Code/data_set/JLU-2.0/22/4.bmp,eye_image
Code/data_set/JLU-2.0/22/5.bmp,eye_image
Code/data_set/JLU-2.0/22/6.bmp,eye_image
Code/data_set/JLU-2.0/22/7.bmp,eye_image
Code/data_set/JLU-2.0/22/8.bmp,eye_image
Code/data_set/JLU-2.0/22/9.bmp,eye_image
Code/data_set/JLU-2.0/23/1.bmp,eye_image
Code/data_set/JLU-2.0/23/10.bmp,eye_image
Code/data_set/JLU-2.0/23/11.bmp,eye_image
Code/data_set/JLU-2.0/23/12.bmp,eye_image
Code/data_set/JLU-2.0/23/13.bmp,eye_image
Code/data_set/JLU-2.0/23/14.bmp,eye_image
Code/data_set/JLU-2.0/23/15.bmp,eye_image
Code/data_set/JLU-2.0/23/2.bmp,eye_image
Code/data_set/JLU-2.0/23/3.bmp,eye_image
Code/data_set/JLU-2.0/23/4.bmp,eye_image
Code/data_set/JLU-2.0/23/5.bmp,eye_image
Code/data_set/JLU-2.0/23/6.bmp,eye_image
Code/data_set/JLU-2.0/23/7.bmp,eye_image
Code/data_set/JLU-2.0/23/8.bmp,eye_image
Code/data_set/JLU-2.0/23/9.bmp,eye_image
Code/data_set/JLU-2.0/24/1.bmp,eye_image
Code/data_set/JLU-2.0/24/10.bmp,eye_image
Code/data_set/JLU-2.0/24/11.bmp,eye_image
Code/data_set/JLU-2.0/24/12.bmp,eye_image
Code/data_set/JLU-2.0/24/13.bmp,eye_image
Code/data_set/JLU-2.0/24/14.bmp,eye_image
Code/data_set/JLU-2.0/24/15.bmp,eye_image
Code/data_set/JLU-2.0/24/16.bmp,eye_image
Code/data_set/JLU-2.0/24/17.bmp,eye_image
Code/data_set/JLU-2.0/24/18.bmp,eye_image
Code/data_set/JLU-2.0/24/19.bmp,eye_image
Code/data_set/JLU-2.0/24/2.bmp,eye_image
Code/data_set/JLU-2.0/24/20.bmp,eye_image
Code/data_set/JLU-2.0/24/21.bmp,eye_image
Code/data_set/JLU-2.0/24/22.bmp,eye_image
Code/data_set/JLU-2.0/24/23.bmp,eye_image
Code/data_set/JLU-2.0/24/24.bmp,eye_image
Code/data_set/JLU-2.0/24/25.bmp,eye_image
Code/data_set/JLU-2.0/24/26.bmp,eye_image
Code/data_set/JLU-2.0/24/27.bmp,eye_image
Code/data_set/JLU-2.0/24/28.bmp,eye_image
Code/data_set/JLU-2.0/24/3.bmp,eye_image
Code/data_set/JLU-2.0/24/4.bmp,eye_image
Code/data_set/JLU-2.0/24/5.bmp,eye_image
Code/data_set/JLU-2.0/24/6.bmp,eye_image
Code/data_set/JLU-2.0/24/7.bmp,eye_image
Code/data_set/JLU-2.0/24/8.bmp,eye_image
Code/data_set/JLU-2.0/24/9.bmp,eye_image
Code/data_set/JLU-2.0/25/1.bmp,eye_image
Code/data_set/JLU-2.0/25/10.bmp,eye_image
Code/data_set/JLU-2.0/25/11.bmp,eye_image
Code/data_set/JLU-2.0/25/12.bmp,eye_image
Code/data_set/JLU-2.0/25/13.bmp,eye_image
Code/data_set/JLU-2.0/25/14.bmp,eye_image
Code/data_set/JLU-2.0/25/15.bmp,eye_image
Code/data_set/JLU-2.0/25/2.bmp,eye_image
Code/data_set/JLU-2.0/25/3.bmp,eye_image
Code/data_set/JLU-2.0/25/4.bmp,eye_image
Code/data_set/JLU-2.0/25/5.bmp,eye_image
Code/data_set/JLU-2.0/25/6.bmp,eye_image
Code/data_set/JLU-2.0/25/7.bmp,eye_image
Code/data_set/JLU-2.0/25/8.bmp,eye_image
Code/data_set/JLU-2.0/25/9.bmp,eye_image
Code/data_set/JLU-2.0/26/1.bmp,eye_image
Code/data_set/JLU-2.0/26/10.bmp,eye_image
Code/data_set/JLU-2.0/26/11.bmp,eye_image
Code/data_set/JLU-2.0/26/12.bmp,eye_image
Code/data_set/JLU-2.0/26/13.bmp,eye_image
Code/data_set/JLU-2.0/26/14.bmp,eye_image
Code/data_set/JLU-2.0/26/15.bmp,eye_image
Code/data_set/JLU-2.0/26/16.bmp,eye_image
Code/data_set/JLU-2.0/26/17.bmp,eye_image
Code/data_set/JLU-2.0/26/18.bmp,eye_image
Code/data_set/JLU-2.0/26/19.bmp,eye_image
Code/data_set/JLU-2.0/26/2.bmp,eye_image
Code/data_set/JLU-2.0/26/20.bmp,eye_image
Code/data_set/JLU-2.0/26/3.bmp,eye_image
Code/data_set/JLU-2.0/26/4.bmp,eye_image
Code/data_set/JLU-2.0/26/5.bmp,eye_image
Code/data_set/JLU-2.0/26/6.bmp,eye_image
Code/data_set/JLU-2.0/26/7.bmp,eye_image
Code/data_set/JLU-2.0/26/8.bmp,eye_image
Code/data_set/JLU-2.0/26/9.bmp,eye_image
Code/data_set/JLU-2.0/27/1.bmp,eye_image
Code/data_set/JLU-2.0/27/10.bmp,eye_image
Code/data_set/JLU-2.0/27/11.bmp,eye_image
Code/data_set/JLU-2.0/27/12.bmp,eye_image
Code/data_set/JLU-2.0/27/13.bmp,eye_image
Code/data_set/JLU-2.0/27/14.bmp,eye_image
Code/data_set/JLU-2.0/27/15.bmp,eye_image
Code/data_set/JLU-2.0/27/2.bmp,eye_image
Code/data_set/JLU-2.0/27/3.bmp,eye_image
Code/data_set/JLU-2.0/27/4.bmp,eye_image
Code/data_set/JLU-2.0/27/5.bmp,eye_image
Code/data_set/JLU-2.0/27/6.bmp,eye_image
Code/data_set/JLU-2.0/27/7.bmp,eye_image
Code/data_set/JLU-2.0/27/8.bmp,eye_image
Code/data_set/JLU-2.0/27/9.bmp,eye_image
Code/data_set/JLU-2.0/28/1.bmp,eye_image
Code/data_set/JLU-2.0/28/10.bmp,eye_image
Code/data_set/JLU-2.0/28/11.bmp,eye_image
Code/data_set/JLU-2.0/28/12.bmp,eye_image
Code/data_set/JLU-2.0/28/13.bmp,eye_image
Code/data_set/JLU-2.0/28/14.bmp,eye_image
Code/data_set/JLU-2.0/28/15.bmp,eye_image
Code/data_set/JLU-2.0/28/16.bmp,eye_image
Code/data_set/JLU-2.0/28/17.bmp,eye_image
Code/data_set/JLU-2.0/28/18.bmp,eye_image
Code/data_set/JLU-2.0/28/19.bmp,eye_image
Code/data_set/JLU-2.0/28/2.bmp,eye_image
Code/data_set/JLU-2.0/28/20.bmp,eye_image
Code/data_set/JLU-2.0/28/3.bmp,eye_image
Code/data_set/JLU-2.0/28/4.bmp,eye_image
Code/data_set/JLU-2.0/28/5.bmp,eye_image
Code/data_set/JLU-2.0/28/6.bmp,eye_image
Code/data_set/JLU-2.0/28/7.bmp,eye_image
Code/data_set/JLU-2.0/28/8.bmp,eye_image
Code/data_set/JLU-2.0/28/9.bmp,eye_image
Code/data_set/JLU-2.0/29/1.bmp,eye_image
Code/data_set/JLU-2.0/29/10.bmp,eye_image
Code/data_set/JLU-2.0/29/11.bmp,eye_image
Code/data_set/JLU-2.0/29/12.bmp,eye_image
Code/data_set/JLU-2.0/29/13.bmp,eye_image
Code/data_set/JLU-2.0/29/14.bmp,eye_image
Code/data_set/JLU-2.0/29/15.bmp,eye_image
Code/data_set/JLU-2.0/29/2.bmp,eye_image
Code/data_set/JLU-2.0/29/3.bmp,eye_image
Code/data_set/JLU-2.0/29/4.bmp,eye_image
Code/data_set/JLU-2.0/29/5.bmp,eye_image
Code/data_set/JLU-2.0/29/6.bmp,eye_image
Code/data_set/JLU-2.0/29/7.bmp,eye_image
Code/data_set/JLU-2.0/29/8.bmp,eye_image
Code/data_set/JLU-2.0/29/9.bmp,eye_image
Code/data_set/JLU-2.0/3/1.bmp,eye_image
Code/data_set/JLU-2.0/3/10.bmp,eye_image
Code/data_set/JLU-2.0/3/11.bmp,eye_image
Code/data_set/JLU-2.0/3/12.bmp,eye_image
Code/data_set/JLU-2.0/3/13.bmp,eye_image
Code/data_set/JLU-2.0/3/14.bmp,eye_image
Code/data_set/JLU-2.0/3/15.bmp,eye_image
Code/data_set/JLU-2.0/3/2.bmp,eye_image
Code/data_set/JLU-2.0/3/3.bmp,eye_image
Code/data_set/JLU-2.0/3/4.bmp,eye_image
Code/data_set/JLU-2.0/3/5.bmp,eye_image
Code/data_set/JLU-2.0/3/6.bmp,eye_image
Code/data_set/JLU-2.0/3/7.bmp,eye_image
Code/data_set/JLU-2.0/3/8.bmp,eye_image
Code/data_set/JLU-2.0/3/9.bmp,eye_image
Code/data_set/JLU-2.0/30/1.bmp,eye_image
Code/data_set/JLU-2.0/30/10.bmp,eye_image
Code/data_set/JLU-2.0/30/11.bmp,eye_image
Code/data_set/JLU-2.0/30/12.bmp,eye_image
Code/data_set/JLU-2.0/30/13.bmp,eye_image
Code/data_set/JLU-2.0/30/14.bmp,eye_image
Code/data_set/JLU-2.0/30/15.bmp,eye_image
Code/data_set/JLU-2.0/30/2.bmp,eye_image
Code/data_set/JLU-2.0/30/3.bmp,eye_image
Code/data_set/JLU-2.0/30/4.bmp,eye_image
Code/data_set/JLU-2.0/30/5.bmp,eye_image
Code/data_set/JLU-2.0/30/6.bmp,eye_image
Code/data_set/JLU-2.0/30/7.bmp,eye_image
Code/data_set/JLU-2.0/30/8.bmp,eye_image
Code/data_set/JLU-2.0/30/9.bmp,eye_image
Code/data_set/JLU-2.0/4/1.bmp,eye_image
Code/data_set/JLU-2.0/4/10.bmp,eye_image
Code/data_set/JLU-2.0/4/11.bmp,eye_image
Code/data_set/JLU-2.0/4/12.bmp,eye_image
Code/data_set/JLU-2.0/4/13.bmp,eye_image
Code/data_set/JLU-2.0/4/14.bmp,eye_image
Code/data_set/JLU-2.0/4/15.bmp,eye_image
Code/data_set/JLU-2.0/4/2.bmp,eye_image
Code/data_set/JLU-2.0/4/3.bmp,eye_image
Code/data_set/JLU-2.0/4/4.bmp,eye_image
Code/data_set/JLU-2.0/4/5.bmp,eye_image
Code/data_set/JLU-2.0/4/6.bmp,eye_image
Code/data_set/JLU-2.0/4/7.bmp,eye_image
Code/data_set/JLU-2.0/4/8.bmp,eye_image
Code/data_set/JLU-2.0/4/9.bmp,eye_image
Code/data_set/JLU-2.0/5/1.bmp,eye_image
Code/data_set/JLU-2.0/5/10.bmp,eye_image
Code/data_set/JLU-2.0/5/11.bmp,eye_image
Code/data_set/JLU-2.0/5/12.bmp,eye_image
Code/data_set/JLU-2.0/5/13.bmp,eye_image
Code/data_set/JLU-2.0/5/14.bmp,eye_image
Code/data_set/JLU-2.0/5/15.bmp,eye_image
Code/data_set/JLU-2.0/5/2.bmp,eye_image
Code/data_set/JLU-2.0/5/3.bmp,eye_image
Code/data_set/JLU-2.0/5/4.bmp,eye_image
Code/data_set/JLU-2.0/5/5.bmp,eye_image
Code/data_set/JLU-2.0/5/6.bmp,eye_image
Code/data_set/JLU-2.0/5/7.bmp,eye_image
Code/data_set/JLU-2.0/5/8.bmp,eye_image
Code/data_set/JLU-2.0/5/9.bmp,eye_image
Code/data_set/JLU-2.0/6/1.bmp,eye_image
Code/data_set/JLU-2.0/6/10.bmp,eye_image
Code/data_set/JLU-2.0/6/11.bmp,eye_image
Code/data_set/JLU-2.0/6/12.bmp,eye_image
Code/data_set/JLU-2.0/6/13.bmp,eye_image
Code/data_set/JLU-2.0/6/14.bmp,eye_image
Code/data_set/JLU-2.0/6/15.bmp,eye_image
Code/data_set/JLU-2.0/6/2.bmp,eye_image
Code/data_set/JLU-2.0/6/3.bmp,eye_image
Code/data_set/JLU-2.0/6/4.bmp,eye_image
Code/data_set/JLU-2.0/6/5.bmp,eye_image
Code/data_set/JLU-2.0/6/6.bmp,eye_image
Code/data_set/JLU-2.0/6/7.bmp,eye_image
Code/data_set/JLU-2.0/6/8.bmp,eye_image
Code/data_set/JLU-2.0/6/9.bmp,eye_image
Code/data_set/JLU-2.0/7/1.bmp,eye_image
Code/data_set/JLU-2.0/7/10.bmp,eye_image
Code/data_set/JLU-2.0/7/11.bmp,eye_image
Code/data_set/JLU-2.0/7/12.bmp,eye_image
Code/data_set/JLU-2.0/7/13.bmp,eye_image
Code/data_set/JLU-2.0/7/14.bmp,eye_image
Code/data_set/JLU-2.0/7/15.bmp,eye_image
Code/data_set/JLU-2.0/7/16.bmp,eye_image
Code/data_set/JLU-2.0/7/17.bmp,eye_image
Code/data_set/JLU-2.0/7/18.bmp,eye_image
Code/data_set/JLU-2.0/7/19.bmp,eye_image
Code/data_set/JLU-2.0/7/2.bmp,eye_image
Code/data_set/JLU-2.0/7/20.bmp,eye_image
Code/data_set/JLU-2.0/7/3.bmp,eye_image
Code/data_set/JLU-2.0/7/4.bmp,eye_image
Code/data_set/JLU-2.0/7/5.bmp,eye_image
Code/data_set/JLU-2.0/7/6.bmp,eye_image
Code/data_set/JLU-2.0/7/7.bmp,eye_image
Code/data_set/JLU-2.0/7/8.bmp,eye_image
Code/data_set/JLU-2.0/7/9.bmp,eye_image
Code/data_set/JLU-2.0/8/1.bmp,eye_image
Code/data_set/JLU-2.0/8/10.bmp,eye_image
Code/data_set/JLU-2.0/8/11.bmp,eye_image
Code/data_set/JLU-2.0/8/12.bmp,eye_image
Code/data_set/JLU-2.0/8/13.bmp,eye_image
Code/data_set/JLU-2.0/8/14.bmp,eye_image
Code/data_set/JLU-2.0/8/15.bmp,eye_image
Code/data_set/JLU-2.0/8/16.bmp,eye_image
Code/data_set/JLU-2.0/8/17.bmp,eye_image
Code/data_set/JLU-2.0/8/18.bmp,eye_image
Code/data_set/JLU-2.0/8/19.bmp,eye_image
Code/data_set/JLU-2.0/8/2.bmp,eye_image
Code/data_set/JLU-2.0/8/20.bmp,eye_image
Code/data_set/JLU-2.0/8/3.bmp,eye_image
Code/data_set/JLU-2.0/8/4.bmp,eye_image
Code/data_set/JLU-2.0/8/5.bmp,eye_image
Code/data_set/JLU-2.0/8/6.bmp,eye_image
Code/data_set/JLU-2.0/8/7.bmp,eye_image
Code/data_set/JLU-2.0/8/8.bmp,eye_image
Code/data_set/JLU-2.0/8/9.bmp,eye_image
Code/data_set/JLU-2.0/9/1.bmp,eye_image
Code/data_set/JLU-2.0/9/10.bmp,eye_image
Code/data_set/JLU-2.0/9/11.bmp,eye_image
Code/data_set/JLU-2.0/9/12.bmp,eye_image
Code/data_set/JLU-2.0/9/13.bmp,eye_image
Code/data_set/JLU-2.0/9/14.bmp,eye_image
Code/data_set/JLU-2.0/9/15.bmp,eye_image
Code/data_set/JLU-2.0/9/16.bmp,eye_image
Code/data_set/JLU-2.0/9/17.bmp,eye_image
Code/data_set/JLU-2.0/9/18.bmp,eye_image
Code/data_set/JLU-2.0/9/19.bmp,eye_image
Code/data_set/JLU-2.0/9/2.bmp,eye_image
Code/data_set/JLU-2.0/9/20.bmp,eye_image
Code/data_set/JLU-2.0/9/3.bmp,eye_image
Code/data_set/JLU-2.0/9/4.bmp,eye_image
Code/data_set/JLU-2.0/9/5.bmp,eye_image
Code/data_set/JLU-2.0/9/6.bmp,eye_image
Code/data_set/JLU-2.0/9/7.bmp,eye_image
Code/data_set/JLU-2.0/9/8.bmp,eye_image
Code/data_set/JLU-2.0/9/9.bmp,eye_image
