Code/data_set/MMU-Iris-Database/1/left/aeval1.bmp,eye_image
Code/data_set/MMU-Iris-Database/1/left/aeval2.bmp,eye_image
Code/data_set/MMU-Iris-Database/1/left/aeval3.bmp,eye_image
Code/data_set/MMU-Iris-Database/1/left/aeval4.bmp,eye_image
Code/data_set/MMU-Iris-Database/1/left/aeval5.bmp,eye_image
Code/data_set/MMU-Iris-Database/1/right/aevar1.bmp,eye_image
Code/data_set/MMU-Iris-Database/1/right/aevar2.bmp,eye_image
Code/data_set/MMU-Iris-Database/1/right/aevar3.bmp,eye_image
Code/data_set/MMU-Iris-Database/1/right/aevar4.bmp,eye_image
Code/data_set/MMU-Iris-Database/1/right/aevar5.bmp,eye_image
Code/data_set/MMU-Iris-Database/10/left/fional1.bmp,eye_image
Code/data_set/MMU-Iris-Database/10/left/fional2.bmp,eye_image
Code/data_set/MMU-Iris-Database/10/left/fional3.bmp,eye_image
Code/data_set/MMU-Iris-Database/10/left/fional4.bmp,eye_image
Code/data_set/MMU-Iris-Database/10/left/fional5.bmp,eye_image
Code/data_set/MMU-Iris-Database/10/right/fionar1.bmp,eye_image
Code/data_set/MMU-Iris-Database/10/right/fionar2.bmp,eye_image
Code/data_set/MMU-Iris-Database/10/right/fionar3.bmp,eye_image
Code/data_set/MMU-Iris-Database/10/right/fionar4.bmp,eye_image
Code/data_set/MMU-Iris-Database/10/right/fionar5.bmp,eye_image
Code/data_set/MMU-Iris-Database/11/left/hockl1.bmp,eye_image
Code/data_set/MMU-Iris-Database/11/left/hockl2.bmp,eye_image
Code/data_set/MMU-Iris-Database/11/left/hockl3.bmp,eye_image
Code/data_set/MMU-Iris-Database/11/left/hockl4.bmp,eye_image
Code/data_set/MMU-Iris-Database/11/left/hockl5.bmp,eye_image
Code/data_set/MMU-Iris-Database/11/right/hockr1.bmp,eye_image
Code/data_set/MMU-Iris-Database/11/right/hockr2.bmp,eye_image
Code/data_set/MMU-Iris-Database/11/right/hockr3.bmp,eye_image
Code/data_set/MMU-Iris-Database/11/right/hockr4.bmp,eye_image
Code/data_set/MMU-Iris-Database/11/right/hockr5.bmp,eye_image
Code/data_set/MMU-Iris-Database/12/left/kelvinl1.bmp,eye_image
Code/data_set/MMU-Iris-Database/12/left/kelvinl2.bmp,eye_image
Code/data_set/MMU-Iris-Database/12/left/kelvinl3.bmp,eye_image
Code/data_set/MMU-Iris-Database/12/left/kelvinl4.bmp,eye_image
Code/data_set/MMU-Iris-Database/12/left/kelvinl5.bmp,eye_image
Code/data_set/MMU-Iris-Database/12/right/kelvinr1.bmp,eye_image
Code/data_set/MMU-Iris-Database/12/right/kelvinr2.bmp,eye_image
Code/data_set/MMU-Iris-Database/12/right/kelvinr3.bmp,eye_image
Code/data_set/MMU-Iris-Database/12/right/kelvinr4.bmp,eye_image
Code/data_set/MMU-Iris-Database/12/right/kelvinr5.bmp,eye_image
Code/data_set/MMU-Iris-Database/13/left/lecl2.bmp,eye_image
Code/data_set/MMU-Iris-Database/13/left/lecl3.bmp,eye_image
Code/data_set/MMU-Iris-Database/13/left/lecl4.bmp,eye_image
Code/data_set/MMU-Iris-Database/13/left/lecl5.bmp,eye_image
Code/data_set/MMU-Iris-Database/13/left/lec_1.bmp,eye_image
Code/data_set/MMU-Iris-Database/13/right/lecr1.bmp,eye_image
Code/data_set/MMU-Iris-Database/13/right/lecr2.bmp,eye_image
Code/data_set/MMU-Iris-Database/13/right/lecr3.bmp,eye_image
Code/data_set/MMU-Iris-Database/13/right/lecr4.bmp,eye_image
Code/data_set/MMU-Iris-Database/13/right/lecr5.bmp,eye_image
Code/data_set/MMU-Iris-Database/14/left/liujwl1.bmp,eye_image
Code/data_set/MMU-Iris-Database/14/left/liujwl2.bmp,eye_image
Code/data_set/MMU-Iris-Database/14/left/liujwl3.bmp,eye_image
Code/data_set/MMU-Iris-Database/14/left/liujwl4.bmp,eye_image
Code/data_set/MMU-Iris-Database/14/left/liujwl5.bmp,eye_image
Code/data_set/MMU-Iris-Database/14/right/liujwr1.bmp,eye_image
Code/data_set/MMU-Iris-Database/14/right/liujwr2.bmp,eye_image
Code/data_set/MMU-Iris-Database/14/right/liujwr3.bmp,eye_image
Code/data_set/MMU-Iris-Database/14/right/liujwr4.bmp,eye_image
Code/data_set/MMU-Iris-Database/14/right/liujwr5.bmp,eye_image
Code/data_set/MMU-Iris-Database/15/left/lokel1.bmp,eye_image
Code/data_set/MMU-Iris-Database/15/left/lokel2.bmp,eye_image
Code/data_set/MMU-Iris-Database/15/left/lokel3.bmp,eye_image
Code/data_set/MMU-Iris-Database/15/left/lokel4.bmp,eye_image
Code/data_set/MMU-Iris-Database/15/left/lokel5.bmp,eye_image
Code/data_set/MMU-Iris-Database/15/right/loker1.bmp,eye_image
Code/data_set/MMU-Iris-Database/15/right/loker2.bmp,eye_image
Code/data_set/MMU-Iris-Database/15/right/loker3.bmp,eye_image
Code/data_set/MMU-Iris-Database/15/right/loker4.bmp,eye_image
Code/data_set/MMU-Iris-Database/15/right/loker5.bmp,eye_image
Code/data_set/MMU-Iris-Database/16/left/lowyfl1.bmp,eye_image
Code/data_set/MMU-Iris-Database/16/left/lowyfl2.bmp,eye_image
Code/data_set/MMU-Iris-Database/16/left/lowyfl3.bmp,eye_image
Code/data_set/MMU-Iris-Database/16/left/lowyfl4.bmp,eye_image
Code/data_set/MMU-Iris-Database/16/left/lowyfl5.bmp,eye_image
Code/data_set/MMU-Iris-Database/16/right/lowyfr1.bmp,eye_image
Code/data_set/MMU-Iris-Database/16/right/lowyfr2.bmp,eye_image
Code/data_set/MMU-Iris-Database/16/right/lowyfr3.bmp,eye_image
Code/data_set/MMU-Iris-Database/16/right/lowyfr4.bmp,eye_image
Code/data_set/MMU-Iris-Database/16/right/lowyfr5.bmp,eye_image
Code/data_set/MMU-Iris-Database/17/left/lpjl1.bmp,eye_image
Code/data_set/MMU-Iris-Database/17/left/lpjl2.bmp,eye_image
Code/data_set/MMU-Iris-Database/17/left/lpjl3.bmp,eye_image
Code/data_set/MMU-Iris-Database/17/left/lpjl4.bmp,eye_image
Code/data_set/MMU-Iris-Database/17/left/lpjl5.bmp,eye_image
Code/data_set/MMU-Iris-Database/17/right/lpjr1.bmp,eye_image
Code/data_set/MMU-Iris-Database/17/right/lpjr2.bmp,eye_image
Code/data_set/MMU-Iris-Database/17/right/lpjr3.bmp,eye_image
Code/data_set/MMU-Iris-Database/17/right/lpjr4.bmp,eye_image
Code/data_set/MMU-Iris-Database/17/right/lpjr5.bmp,eye_image
Code/data_set/MMU-Iris-Database/18/left/mahskl1.bmp,eye_image
Code/data_set/MMU-Iris-Database/18/left/mahskl2.bmp,eye_image
Code/data_set/MMU-Iris-Database/18/left/mahskl3.bmp,eye_image
Code/data_set/MMU-Iris-Database/18/left/mahskl4.bmp,eye_image
Code/data_set/MMU-Iris-Database/18/left/mahskl5.bmp,eye_image
Code/data_set/MMU-Iris-Database/18/right/mahskr1.bmp,eye_image
Code/data_set/MMU-Iris-Database/18/right/mahskr2.bmp,eye_image
Code/data_set/MMU-Iris-Database/18/right/mahskr3.bmp,eye_image
Code/data_set/MMU-Iris-Database/18/right/mahskr4.bmp,eye_image
Code/data_set/MMU-Iris-Database/18/right/mahskr5.bmp,eye_image
Code/data_set/MMU-Iris-Database/19/left/maranl1.bmp,eye_image
Code/data_set/MMU-Iris-Database/19/left/maranl2.bmp,eye_image
Code/data_set/MMU-Iris-Database/19/left/maranl3.bmp,eye_image
Code/data_set/MMU-Iris-Database/19/left/maranl4.bmp,eye_image
Code/data_set/MMU-Iris-Database/19/left/maranl5.bmp,eye_image
Code/data_set/MMU-Iris-Database/19/right/maranr1.bmp,eye_image
Code/data_set/MMU-Iris-Database/19/right/maranr2.bmp,eye_image
Code/data_set/MMU-Iris-Database/19/right/maranr3.bmp,eye_image
Code/data_set/MMU-Iris-Database/19/right/maranr4.bmp,eye_image
Code/data_set/MMU-Iris-Database/19/right/maranr5.bmp,eye_image
Code/data_set/MMU-Iris-Database/2/left/bryanl1.bmp,eye_image
Code/data_set/MMU-Iris-Database/2/left/bryanl2.bmp,eye_image
Code/data_set/MMU-Iris-Database/2/left/bryanl3.bmp,eye_image
Code/data_set/MMU-Iris-Database/2/left/bryanl4.bmp,eye_image
Code/data_set/MMU-Iris-Database/2/left/bryanl5.bmp,eye_image
Code/data_set/MMU-Iris-Database/2/right/bryanr1.bmp,eye_image
Code/data_set/MMU-Iris-Database/2/right/bryanr2.bmp,eye_image
Code/data_set/MMU-Iris-Database/2/right/bryanr3.bmp,eye_image
Code/data_set/MMU-Iris-Database/2/right/bryanr4.bmp,eye_image
Code/data_set/MMU-Iris-Database/2/right/bryanr5.bmp,eye_image
Code/data_set/MMU-Iris-Database/20/left/masl1.bmp,eye_image
Code/data_set/MMU-Iris-Database/20/left/masl2.bmp,eye_image
Code/data_set/MMU-Iris-Database/20/left/masl3.bmp,eye_image
Code/data_set/MMU-Iris-Database/20/left/masl4.bmp,eye_image
Code/data_set/MMU-Iris-Database/20/left/masl5.bmp,eye_image
Code/data_set/MMU-Iris-Database/20/right/masr1.bmp,eye_image
Code/data_set/MMU-Iris-Database/20/right/masr2.bmp,eye_image
Code/data_set/MMU-Iris-Database/20/right/masr3.bmp,eye_image
Code/data_set/MMU-Iris-Database/20/right/masr4.bmp,eye_image
Code/data_set/MMU-Iris-Database/20/right/masr5.bmp,eye_image
Code/data_set/MMU-Iris-Database/21/left/mazwanl1.bmp,eye_image
Code/data_set/MMU-Iris-Database/21/left/mazwanl2.bmp,eye_image
Code/data_set/MMU-Iris-Database/21/left/mazwanl3.bmp,eye_image
Code/data_set/MMU-Iris-Database/21/left/mazwanl4.bmp,eye_image
Code/data_set/MMU-Iris-Database/21/left/mazwanl5.bmp,eye_image
Code/data_set/MMU-Iris-Database/21/right/mazwanr1.bmp,eye_image
Code/data_set/MMU-Iris-Database/21/right/mazwanr2.bmp,eye_image
Code/data_set/MMU-Iris-Database/21/right/mazwanr3.bmp,eye_image
Code/data_set/MMU-Iris-Database/21/right/mazwanr4.bmp,eye_image
Code/data_set/MMU-Iris-Database/21/right/mazwanr5.bmp,eye_image
Code/data_set/MMU-Iris-Database/22/left/mimil1.bmp,eye_image
Code/data_set/MMU-Iris-Database/22/left/mimil2.bmp,eye_image
Code/data_set/MMU-Iris-Database/22/left/mimil3.bmp,eye_image
Code/data_set/MMU-Iris-Database/22/left/mimil4.bmp,eye_image
Code/data_set/MMU-Iris-Database/22/left/mimil5.bmp,eye_image
Code/data_set/MMU-Iris-Database/22/right/mimir1.bmp,eye_image
Code/data_set/MMU-Iris-Database/22/right/mimir2.bmp,eye_image
Code/data_set/MMU-Iris-Database/22/right/mimir3.bmp,eye_image
Code/data_set/MMU-Iris-Database/22/right/mimir4.bmp,eye_image
Code/data_set/MMU-Iris-Database/22/right/mimir5.bmp,eye_image
Code/data_set/MMU-Iris-Database/23/left/minglil1.bmp,eye_image
Code/data_set/MMU-Iris-Database/23/left/minglil2.bmp,eye_image
Code/data_set/MMU-Iris-Database/23/left/minglil3.bmp,eye_image
Code/data_set/MMU-Iris-Database/23/left/minglil4.bmp,eye_image
Code/data_set/MMU-Iris-Database/23/left/minglil5.bmp,eye_image
Code/data_set/MMU-Iris-Database/23/right/minglir1.bmp,eye_image
Code/data_set/MMU-Iris-Database/23/right/minglir2.bmp,eye_image
Code/data_set/MMU-Iris-Database/23/right/minglir3.bmp,eye_image
Code/data_set/MMU-Iris-Database/23/right/minglir4.bmp,eye_image
Code/data_set/MMU-Iris-Database/23/right/minglir5.bmp,eye_image
Code/data_set/MMU-Iris-Database/24/left/ngkokwhyl1.bmp,eye_image
Code/data_set/MMU-Iris-Database/24/left/ngkokwhyl2.bmp,eye_image
Code/data_set/MMU-Iris-Database/24/left/ngkokwhyl3.bmp,eye_image
Code/data_set/MMU-Iris-Database/24/left/ngkokwhyl4.bmp,eye_image
Code/data_set/MMU-Iris-Database/24/left/ngkokwhyl5.bmp,eye_image
Code/data_set/MMU-Iris-Database/24/right/ngkokwhyr1.bmp,eye_image
Code/data_set/MMU-Iris-Database/24/right/ngkokwhyr2.bmp,eye_image
Code/data_set/MMU-Iris-Database/24/right/ngkokwhyr3.bmp,eye_image
Code/data_set/MMU-Iris-Database/24/right/ngkokwhyr4.bmp,eye_image
Code/data_set/MMU-Iris-Database/24/right/ngkokwhyr5.bmp,eye_image
Code/data_set/MMU-Iris-Database/25/left/nkll1.bmp,eye_image
Code/data_set/MMU-Iris-Database/25/left/nkll2.bmp,eye_image
Code/data_set/MMU-Iris-Database/25/left/nkll3.bmp,eye_image
Code/data_set/MMU-Iris-Database/25/left/nkll4.bmp,eye_image
Code/data_set/MMU-Iris-Database/25/left/nkll5.bmp,eye_image
Code/data_set/MMU-Iris-Database/25/right/nklr1.bmp,eye_image
Code/data_set/MMU-Iris-Database/25/right/nklr2.bmp,eye_image
Code/data_set/MMU-Iris-Database/25/right/nklr3.bmp,eye_image
Code/data_set/MMU-Iris-Database/25/right/nklr4.bmp,eye_image
Code/data_set/MMU-Iris-Database/25/right/nklr5.bmp,eye_image
Code/data_set/MMU-Iris-Database/26/left/norazal1.bmp,eye_image
Code/data_set/MMU-Iris-Database/26/left/norazal2.bmp,eye_image
Code/data_set/MMU-Iris-Database/26/left/norazal3.bmp,eye_image
Code/data_set/MMU-Iris-Database/26/left/norazal4.bmp,eye_image
Code/data_set/MMU-Iris-Database/26/left/norazal5.bmp,eye_image
Code/data_set/MMU-Iris-Database/26/right/norazar1.bmp,eye_image
Code/data_set/MMU-Iris-Database/26/right/norazar2.bmp,eye_image
Code/data_set/MMU-Iris-Database/26/right/norazar3.bmp,eye_image
Code/data_set/MMU-Iris-Database/26/right/norazar4.bmp,eye_image
Code/data_set/MMU-Iris-Database/26/right/norazar5.bmp,eye_image
Code/data_set/MMU-Iris-Database/27/left/norsuhaidahl1.bmp,eye_image
Code/data_set/MMU-Iris-Database/27/left/norsuhaidahl2.bmp,eye_image
Code/data_set/MMU-Iris-Database/27/left/norsuhaidahl3.bmp,eye_image
Code/data_set/MMU-Iris-Database/27/left/norsuhaidahl4.bmp,eye_image
Code/data_set/MMU-Iris-Database/27/left/norsuhaidahl5.bmp,eye_image
Code/data_set/MMU-Iris-Database/27/right/norsuhaidahr1.bmp,eye_image
Code/data_set/MMU-Iris-Database/27/right/norsuhaidahr2.bmp,eye_image
Code/data_set/MMU-Iris-Database/27/right/norsuhaidahr3.bmp,eye_image
Code/data_set/MMU-Iris-Database/27/right/norsuhaidahr4.bmp,eye_image
Code/data_set/MMU-Iris-Database/27/right/norsuhaidahr5.bmp,eye_image
Code/data_set/MMU-Iris-Database/28/left/ongbll1.bmp,eye_image
Code/data_set/MMU-Iris-Database/28/left/ongbll2.bmp,eye_image
Code/data_set/MMU-Iris-Database/28/left/ongbll3.bmp,eye_image
Code/data_set/MMU-Iris-Database/28/left/ongbll4.bmp,eye_image
Code/data_set/MMU-Iris-Database/28/left/ongbll5.bmp,eye_image
Code/data_set/MMU-Iris-Database/28/right/ongblr1.bmp,eye_image
Code/data_set/MMU-Iris-Database/28/right/ongblr2.bmp,eye_image
Code/data_set/MMU-Iris-Database/28/right/ongblr3.bmp,eye_image
Code/data_set/MMU-Iris-Database/28/right/ongblr4.bmp,eye_image
Code/data_set/MMU-Iris-Database/28/right/ongblr5.bmp,eye_image
Code/data_set/MMU-Iris-Database/29/left/pcll1.bmp,eye_image
Code/data_set/MMU-Iris-Database/29/left/pcll2.bmp,eye_image
Code/data_set/MMU-Iris-Database/29/left/pcll3.bmp,eye_image
Code/data_set/MMU-Iris-Database/29/left/pcll4.bmp,eye_image
Code/data_set/MMU-Iris-Database/29/left/pcll5.bmp,eye_image
Code/data_set/MMU-Iris-Database/29/right/pclr1.bmp,eye_image
Code/data_set/MMU-Iris-Database/29/right/pclr2.bmp,eye_image
Code/data_set/MMU-Iris-Database/29/right/pclr3.bmp,eye_image
Code/data_set/MMU-Iris-Database/29/right/pclr4.bmp,eye_image
Code/data_set/MMU-Iris-Database/29/right/pclr5.bmp,eye_image
Code/data_set/MMU-Iris-Database/3/left/chingycl1.bmp,eye_image
Code/data_set/MMU-Iris-Database/3/left/chingycl2.bmp,eye_image
Code/data_set/MMU-Iris-Database/3/left/chingycl3.bmp,eye_image
Code/data_set/MMU-Iris-Database/3/left/chingycl4.bmp,eye_image
Code/data_set/MMU-Iris-Database/3/left/chingycl5.bmp,eye_image
Code/data_set/MMU-Iris-Database/3/right/chingycr1.bmp,eye_image
Code/data_set/MMU-Iris-Database/3/right/chingycr2.bmp,eye_image
Code/data_set/MMU-Iris-Database/3/right/chingycr3.bmp,eye_image
Code/data_set/MMU-Iris-Database/3/right/chingycr4.bmp,eye_image
Code/data_set/MMU-Iris-Database/3/right/chingycr5.bmp,eye_image
Code/data_set/MMU-Iris-Database/30/left/philipl1.bmp,eye_image
Code/data_set/MMU-Iris-Database/30/left/philipl2.bmp,eye_image
Code/data_set/MMU-Iris-Database/30/left/philipl3.bmp,eye_image
Code/data_set/MMU-Iris-Database/30/left/philipl4.bmp,eye_image
Code/data_set/MMU-Iris-Database/30/left/philipl5.bmp,eye_image
Code/data_set/MMU-Iris-Database/30/right/philipr1.bmp,eye_image
Code/data_set/MMU-Iris-Database/30/right/philipr2.bmp,eye_image
Code/data_set/MMU-Iris-Database/30/right/philipr3.bmp,eye_image
Code/data_set/MMU-Iris-Database/30/right/philipr4.bmp,eye_image
Code/data_set/MMU-Iris-Database/30/right/philipr5.bmp,eye_image
Code/data_set/MMU-Iris-Database/31/left/roslil1.bmp,eye_image
Code/data_set/MMU-Iris-Database/31/left/roslil2.bmp,eye_image
Code/data_set/MMU-Iris-Database/31/left/roslil3.bmp,eye_image
Code/data_set/MMU-Iris-Database/31/left/roslil4.bmp,eye_image
Code/data_set/MMU-Iris-Database/31/left/roslil5.bmp,eye_image
Code/data_set/MMU-Iris-Database/31/right/roslir1.bmp,eye_image
Code/data_set/MMU-Iris-Database/31/right/roslir2.bmp,eye_image
Code/data_set/MMU-Iris-Database/31/right/roslir3.bmp,eye_image
Code/data_set/MMU-Iris-Database/31/right/roslir4.bmp,eye_image
Code/data_set/MMU-Iris-Database/31/right/roslir5.bmp,eye_image
Code/data_set/MMU-Iris-Database/32/left/salal1.bmp,eye_image
Code/data_set/MMU-Iris-Database/32/left/salal2.bmp,eye_image
Code/data_set/MMU-Iris-Database/32/left/salal3.bmp,eye_image
Code/data_set/MMU-Iris-Database/32/left/salal4.bmp,eye_image
Code/data_set/MMU-Iris-Database/32/left/salal5.bmp,eye_image
Code/data_set/MMU-Iris-Database/32/right/salar1.bmp,eye_image
Code/data_set/MMU-Iris-Database/32/right/salar2.bmp,eye_image
Code/data_set/MMU-Iris-Database/32/right/salar3.bmp,eye_image
Code/data_set/MMU-Iris-Database/32/right/salar4.bmp,eye_image
Code/data_set/MMU-Iris-Database/32/right/salar5.bmp,eye_image
Code/data_set/MMU-Iris-Database/33/left/sarinal1.bmp,eye_image
Code/data_set/MMU-Iris-Database/33/left/sarinal2.bmp,eye_image
Code/data_set/MMU-Iris-Database/33/left/sarinal3.bmp,eye_image
Code/data_set/MMU-Iris-Database/33/left/sarinal4.bmp,eye_image
Code/data_set/MMU-Iris-Database/33/left/sarinal5.bmp,eye_image
Code/data_set/MMU-Iris-Database/33/right/sarinar1.bmp,eye_image
Code/data_set/MMU-Iris-Database/33/right/sarinar2.bmp,eye_image
Code/data_set/MMU-Iris-Database/33/right/sarinar3.bmp,eye_image
Code/data_set/MMU-Iris-Database/33/right/sarinar4.bmp,eye_image
Code/data_set/MMU-Iris-Database/33/right/sarinar5.bmp,eye_image
Code/data_set/MMU-Iris-Database/34/left/sitil1.bmp,eye_image
Code/data_set/MMU-Iris-Database/34/left/sitil2.bmp,eye_image
Code/data_set/MMU-Iris-Database/34/left/sitil3.bmp,eye_image
Code/data_set/MMU-Iris-Database/34/left/sitil4.bmp,eye_image
Code/data_set/MMU-Iris-Database/34/left/sitil5.bmp,eye_image
Code/data_set/MMU-Iris-Database/34/right/sitir1.bmp,eye_image
Code/data_set/MMU-Iris-Database/34/right/sitir2.bmp,eye_image
Code/data_set/MMU-Iris-Database/34/right/sitir3.bmp,eye_image
Code/data_set/MMU-Iris-Database/34/right/sitir4.bmp,eye_image
Code/data_set/MMU-Iris-Database/34/right/sitir5.bmp,eye_image
Code/data_set/MMU-Iris-Database/35/left/suzailil1.bmp,eye_image
Code/data_set/MMU-Iris-Database/35/left/suzailil2.bmp,eye_image
Code/data_set/MMU-Iris-Database/35/left/suzailil3.bmp,eye_image
Code/data_set/MMU-Iris-Database/35/left/suzailil4.bmp,eye_image
Code/data_set/MMU-Iris-Database/35/left/suzailil5.bmp,eye_image
Code/data_set/MMU-Iris-Database/35/right/suzailir1.bmp,eye_image
Code/data_set/MMU-Iris-Database/35/right/suzailir2.bmp,eye_image
Code/data_set/MMU-Iris-Database/35/right/suzailir3.bmp,eye_image
Code/data_set/MMU-Iris-Database/35/right/suzailir4.bmp,eye_image
Code/data_set/MMU-Iris-Database/35/right/suzailir5.bmp,eye_image
Code/data_set/MMU-Iris-Database/36/left/tanwnl1.bmp,eye_image
Code/data_set/MMU-Iris-Database/36/left/tanwnl2.bmp,eye_image
Code/data_set/MMU-Iris-Database/36/left/tanwnl3.bmp,eye_image
Code/data_set/MMU-Iris-Database/36/left/tanwnl4.bmp,eye_image
Code/data_set/MMU-Iris-Database/36/left/tanwnl5.bmp,eye_image
Code/data_set/MMU-Iris-Database/36/right/tanwnr1.bmp,eye_image
Code/data_set/MMU-Iris-Database/36/right/tanwnr2.bmp,eye_image
Code/data_set/MMU-Iris-Database/36/right/tanwnr3.bmp,eye_image
Code/data_set/MMU-Iris-Database/36/right/tanwnr4.bmp,eye_image
Code/data_set/MMU-Iris-Database/36/right/tanwnr5.bmp,eye_image
Code/data_set/MMU-Iris-Database/37/left/thomasl1.bmp,eye_image
Code/data_set/MMU-Iris-Database/37/left/thomasl2.bmp,eye_image
Code/data_set/MMU-Iris-Database/37/left/thomasl3.bmp,eye_image
Code/data_set/MMU-Iris-Database/37/left/thomasl4.bmp,eye_image
Code/data_set/MMU-Iris-Database/37/left/thomasl5.bmp,eye_image
Code/data_set/MMU-Iris-Database/37/right/thomasr1.bmp,eye_image
Code/data_set/MMU-Iris-Database/37/right/thomasr2.bmp,eye_image
Code/data_set/MMU-Iris-Database/37/right/thomasr3.bmp,eye_image
Code/data_set/MMU-Iris-Database/37/right/thomasr4.bmp,eye_image
Code/data_set/MMU-Iris-Database/37/right/thomasr5.bmp,eye_image
Code/data_set/MMU-Iris-Database/38/left/tickl1.bmp,eye_image
Code/data_set/MMU-Iris-Database/38/left/tickl2.bmp,eye_image
Code/data_set/MMU-Iris-Database/38/left/tickl3.bmp,eye_image
Code/data_set/MMU-Iris-Database/38/left/tickl4.bmp,eye_image
Code/data_set/MMU-Iris-Database/38/left/tickl5.bmp,eye_image
Code/data_set/MMU-Iris-Database/38/right/tickr1.bmp,eye_image
Code/data_set/MMU-Iris-Database/38/right/tickr2.bmp,eye_image
Code/data_set/MMU-Iris-Database/38/right/tickr3.bmp,eye_image
Code/data_set/MMU-Iris-Database/38/right/tickr4.bmp,eye_image
Code/data_set/MMU-Iris-Database/38/right/tickr5.bmp,eye_image
Code/data_set/MMU-Iris-Database/39/left/tingcyl1.bmp,eye_image
Code/data_set/MMU-Iris-Database/39/left/tingcyl2.bmp,eye_image
Code/data_set/MMU-Iris-Database/39/left/tingcyl3.bmp,eye_image
Code/data_set/MMU-Iris-Database/39/left/tingcyl4.bmp,eye_image
Code/data_set/MMU-Iris-Database/39/left/tingcyl5.bmp,eye_image
Code/data_set/MMU-Iris-Database/39/right/tingcyr1.bmp,eye_image
Code/data_set/MMU-Iris-Database/39/right/tingcyr2.bmp,eye_image
Code/data_set/MMU-Iris-Database/39/right/tingcyr3.bmp,eye_image
Code/data_set/MMU-Iris-Database/39/right/tingcyr4.bmp,eye_image
Code/data_set/MMU-Iris-Database/39/right/tingcyr5.bmp,eye_image
Code/data_set/MMU-Iris-Database/40/left/tonghll1.bmp,eye_image
Code/data_set/MMU-Iris-Database/40/left/tonghll2.bmp,eye_image
Code/data_set/MMU-Iris-Database/40/left/tonghll3.bmp,eye_image
Code/data_set/MMU-Iris-Database/40/left/tonghll4.bmp,eye_image
Code/data_set/MMU-Iris-Database/40/left/tonghll5.bmp,eye_image
Code/data_set/MMU-Iris-Database/40/right/tonghlr1.bmp,eye_image
Code/data_set/MMU-Iris-Database/40/right/tonghlr2.bmp,eye_image
Code/data_set/MMU-Iris-Database/40/right/tonghlr3.bmp,eye_image
Code/data_set/MMU-Iris-Database/40/right/tonghlr4.bmp,eye_image
Code/data_set/MMU-Iris-Database/40/right/tonghlr5.bmp,eye_image
Code/data_set/MMU-Iris-Database/41/left/vimalal1.bmp,eye_image
Code/data_set/MMU-Iris-Database/41/left/vimalal2.bmp,eye_image
Code/data_set/MMU-Iris-Database/41/left/vimalal3.bmp,eye_image
Code/data_set/MMU-Iris-Database/41/left/vimalal4.bmp,eye_image
Code/data_set/MMU-Iris-Database/41/left/vimalal5.bmp,eye_image
Code/data_set/MMU-Iris-Database/41/right/vimalar1.bmp,eye_image
Code/data_set/MMU-Iris-Database/41/right/vimalar2.bmp,eye_image
Code/data_set/MMU-Iris-Database/41/right/vimalar3.bmp,eye_image
Code/data_set/MMU-Iris-Database/41/right/vimalar4.bmp,eye_image
Code/data_set/MMU-Iris-Database/41/right/vimalar5.bmp,eye_image
Code/data_set/MMU-Iris-Database/42/left/weecml1.bmp,eye_image
Code/data_set/MMU-Iris-Database/42/left/weecml2.bmp,eye_image
Code/data_set/MMU-Iris-Database/42/left/weecml3.bmp,eye_image
Code/data_set/MMU-Iris-Database/42/left/weecml4.bmp,eye_image
Code/data_set/MMU-Iris-Database/42/left/weecml5.bmp,eye_image
Code/data_set/MMU-Iris-Database/42/right/weecmr1.bmp,eye_image
Code/data_set/MMU-Iris-Database/42/right/weecmr2.bmp,eye_image
Code/data_set/MMU-Iris-Database/42/right/weecmr3.bmp,eye_image
Code/data_set/MMU-Iris-Database/42/right/weecmr4.bmp,eye_image
Code/data_set/MMU-Iris-Database/42/right/weecmr5.bmp,eye_image
Code/data_set/MMU-Iris-Database/43/left/winl1.bmp,eye_image
Code/data_set/MMU-Iris-Database/43/left/winl2.bmp,eye_image
Code/data_set/MMU-Iris-Database/43/left/winl3.bmp,eye_image
Code/data_set/MMU-Iris-Database/43/left/winl4.bmp,eye_image
Code/data_set/MMU-Iris-Database/43/left/winl5.bmp,eye_image
Code/data_set/MMU-Iris-Database/43/right/winr1.bmp,eye_image
Code/data_set/MMU-Iris-Database/43/right/winr2.bmp,eye_image
Code/data_set/MMU-Iris-Database/43/right/winr3.bmp,eye_image
Code/data_set/MMU-Iris-Database/43/right/winr4.bmp,eye_image
Code/data_set/MMU-Iris-Database/43/right/winr5.bmp,eye_image
Code/data_set/MMU-Iris-Database/44/left/yannl1.bmp,eye_image
Code/data_set/MMU-Iris-Database/44/left/yannl2.bmp,eye_image
Code/data_set/MMU-Iris-Database/44/left/yannl3.bmp,eye_image
Code/data_set/MMU-Iris-Database/44/left/yannl4.bmp,eye_image
Code/data_set/MMU-Iris-Database/44/left/yannl5.bmp,eye_image
Code/data_set/MMU-Iris-Database/44/right/yannr1.bmp,eye_image
Code/data_set/MMU-Iris-Database/44/right/yannr2.bmp,eye_image
Code/data_set/MMU-Iris-Database/44/right/yannr3.bmp,eye_image
Code/data_set/MMU-Iris-Database/44/right/yannr4.bmp,eye_image
Code/data_set/MMU-Iris-Database/44/right/yannr5.bmp,eye_image
Code/data_set/MMU-Iris-Database/45/left/zaridahl1.bmp,eye_image
Code/data_set/MMU-Iris-Database/45/left/zaridahl2.bmp,eye_image
Code/data_set/MMU-Iris-Database/45/left/zaridahl3.bmp,eye_image
Code/data_set/MMU-Iris-Database/45/left/zaridahl4.bmp,eye_image
Code/data_set/MMU-Iris-Database/45/left/zaridahl5.bmp,eye_image
Code/data_set/MMU-Iris-Database/45/right/zaridahr1.bmp,eye_image
Code/data_set/MMU-Iris-Database/45/right/zaridahr2.bmp,eye_image
Code/data_set/MMU-Iris-Database/45/right/zaridahr3.bmp,eye_image
Code/data_set/MMU-Iris-Database/45/right/zaridahr4.bmp,eye_image
Code/data_set/MMU-Iris-Database/45/right/zaridahr5.bmp,eye_image
Code/data_set/MMU-Iris-Database/46/left/zulaikahl1.bmp,eye_image
Code/data_set/MMU-Iris-Database/46/left/zulaikahl2.bmp,eye_image
Code/data_set/MMU-Iris-Database/46/left/zulaikahl3.bmp,eye_image
Code/data_set/MMU-Iris-Database/46/left/zulaikahl4.bmp,eye_image
Code/data_set/MMU-Iris-Database/46/left/zulaikahl5.bmp,eye_image
Code/data_set/MMU-Iris-Database/46/right/zulaikahr1.bmp,eye_image
Code/data_set/MMU-Iris-Database/46/right/zulaikahr2.bmp,eye_image
Code/data_set/MMU-Iris-Database/46/right/zulaikahr3.bmp,eye_image
Code/data_set/MMU-Iris-Database/46/right/zulaikahr4.bmp,eye_image
Code/data_set/MMU-Iris-Database/46/right/zulaikahr5.bmp,eye_image
Code/data_set/MMU-Iris-Database/5/left/chongpkl1.bmp,eye_image
Code/data_set/MMU-Iris-Database/5/left/chongpkl2.bmp,eye_image
Code/data_set/MMU-Iris-Database/5/left/chongpkl3.bmp,eye_image
Code/data_set/MMU-Iris-Database/5/left/chongpkl4.bmp,eye_image
Code/data_set/MMU-Iris-Database/5/left/chongpkl5.bmp,eye_image
Code/data_set/MMU-Iris-Database/5/right/chongpkr1.bmp,eye_image
Code/data_set/MMU-Iris-Database/5/right/chongpkr2.bmp,eye_image
Code/data_set/MMU-Iris-Database/5/right/chongpkr3.bmp,eye_image
Code/data_set/MMU-Iris-Database/5/right/chongpkr4.bmp,eye_image
Code/data_set/MMU-Iris-Database/5/right/chongpkr5.bmp,eye_image
Code/data_set/MMU-Iris-Database/6/left/christinel1.bmp,eye_image
Code/data_set/MMU-Iris-Database/6/left/christinel2.bmp,eye_image
Code/data_set/MMU-Iris-Database/6/left/christinel3.bmp,eye_image
Code/data_set/MMU-Iris-Database/6/left/christinel4.bmp,eye_image
Code/data_set/MMU-Iris-Database/6/left/christinel5.bmp,eye_image
Code/data_set/MMU-Iris-Database/6/right/christiner1.bmp,eye_image
Code/data_set/MMU-Iris-Database/6/right/christiner2.bmp,eye_image
Code/data_set/MMU-Iris-Database/6/right/christiner3.bmp,eye_image
Code/data_set/MMU-Iris-Database/6/right/christiner4.bmp,eye_image
Code/data_set/MMU-Iris-Database/6/right/christiner5.bmp,eye_image
Code/data_set/MMU-Iris-Database/7/left/chualsl1.bmp,eye_image
Code/data_set/MMU-Iris-Database/7/left/chualsl2.bmp,eye_image
Code/data_set/MMU-Iris-Database/7/left/chualsl3.bmp,eye_image
Code/data_set/MMU-Iris-Database/7/left/chualsl4.bmp,eye_image
Code/data_set/MMU-Iris-Database/7/left/chualsl5.bmp,eye_image
Code/data_set/MMU-Iris-Database/7/right/chualsr1.bmp,eye_image
Code/data_set/MMU-Iris-Database/7/right/chualsr2.bmp,eye_image
Code/data_set/MMU-Iris-Database/7/right/chualsr3.bmp,eye_image
Code/data_set/MMU-Iris-Database/7/right/chualsr4.bmp,eye_image
Code/data_set/MMU-Iris-Database/7/right/chualsr5.bmp,eye_image
Code/data_set/MMU-Iris-Database/8/left/eugenehol1.bmp,eye_image
Code/data_set/MMU-Iris-Database/8/left/eugenehol2.bmp,eye_image
Code/data_set/MMU-Iris-Database/8/left/eugenehol3.bmp,eye_image
Code/data_set/MMU-Iris-Database/8/left/eugenehol4.bmp,eye_image
Code/data_set/MMU-Iris-Database/8/left/eugenehol5.bmp,eye_image
Code/data_set/MMU-Iris-Database/8/right/eugenehor1.bmp,eye_image
Code/data_set/MMU-Iris-Database/8/right/eugenehor2.bmp,eye_image
Code/data_set/MMU-Iris-Database/8/right/eugenehor3.bmp,eye_image
Code/data_set/MMU-Iris-Database/8/right/eugenehor4.bmp,eye_image
Code/data_set/MMU-Iris-Database/8/right/eugenehor5.bmp,eye_image
Code/data_set/MMU-Iris-Database/9/left/fatmal1.bmp,eye_image
Code/data_set/MMU-Iris-Database/9/left/fatmal2.bmp,eye_image
Code/data_set/MMU-Iris-Database/9/left/fatmal3.bmp,eye_image
Code/data_set/MMU-Iris-Database/9/left/fatmal4.bmp,eye_image
Code/data_set/MMU-Iris-Database/9/left/fatmal5.bmp,eye_image
Code/data_set/MMU-Iris-Database/9/right/fatmar1.bmp,eye_image
Code/data_set/MMU-Iris-Database/9/right/fatmar2.bmp,eye_image
Code/data_set/MMU-Iris-Database/9/right/fatmar3.bmp,eye_image
Code/data_set/MMU-Iris-Database/9/right/fatmar4.bmp,eye_image
Code/data_set/MMU-Iris-Database/9/right/fatmar5.bmp,eye_image
